Workbook

Sheet RESUMO
B2: =Verification!E1 | E2: =Verification!F1
B3: =Verification!E2 | E3: =Verification!F2
B4: =Verification!E3 | E4: =Verification!F3
B6: Conformance fulfillment | D6: =(D10+D12+D16+D20)/D8
B8: Nb of analysed points | D8: =COUNTA(Verification!R5:R365) | F8: Actions fulfillment | H8: =H12/H10
B10: Complies | D10: =COUNTIF(Verification!$R$5:$R$365,RESUMO!B10) | F10: TOTAL OF ACTIONS | H10: =COUNTA(D25:E49)
B12: Agreed | D12: =COUNTIF(Verification!$R$5:$R$365,RESUMO!B12) | F12: CLOSED | H12: =COUNTIF(Verification!$N$5:$N$578,RESUMO!F12)
B14: Do not comply | D14: =COUNTIF(Verification!$R$5:$R$365,RESUMO!B14) | F14: TO BE DETERMINED | H14: =COUNTIF(Verification!$N$5:$N$578,RESUMO!F14)
B16: Not assessed | D16: =COUNTIF(Verification!$R$5:$R$365,RESUMO!B16) | F16: IN PROGRESS | H16: =COUNTIF(Verification!$N$5:$N$578,RESUMO!F16)
B18: Action required | D18: =COUNTIF(Verification!$R$5:$R$365,RESUMO!B18) | F18: OVERDUE | H18: =COUNTIF(Verification!$N$5:$N$578,RESUMO!F18)
B20: Not applicable | D20: =COUNTIF(Verification!$R$5:$R$365,RESUMO!B20)
B23: PLANO DE AÇÕES
A24: Nb | B24: SECTION | D24: ACTION | F24: RESPONSIBLE | H24: DEADLINE | I24: ACTION STATUS
A25: 1 | B25: =IF(ISERROR(VLOOKUP(A25,Verification!B6:D578,3,FALSE)),"",(VLOOKUP(A25,Verification!B6:D578,3,FALSE))) | D25: =IF(ISERROR(VLOOKUP(A25,Verification!$B$6:$K$578,10,FALSE)),"",(VLOOKUP(A25,Verification!$B$6:$K$578,10,FALSE))) | F25: =IF(ISERROR(VLOOKUP(A25,Verification!$B$6:$L$578,11,FALSE)),"",(VLOOKUP(A25,Verification!$B$6:$L$578,11,FALSE))) | H25: =IF(ISERROR(VLOOKUP(A25,Verification!$B$6:$M$578,12,FALSE)),"",(VLOOKUP(A25,Verification!$B$6:$M$578,12,FALSE))) | I25: =IF(ISERROR(VLOOKUP(A25,Verification!$B$6:$N$578,13,FALSE)),"",(VLOOKUP(A25,Verification!$B$6:$N$578,13,FALSE)))
A26: 2 | B26: =IF(ISERROR(VLOOKUP(A26,Verification!B7:D579,3,FALSE)),"",(VLOOKUP(A26,Verification!B7:D579,3,FALSE))) | D26: =IF(ISERROR(VLOOKUP(A26,Verification!$B$6:$K$578,10,FALSE)),"",(VLOOKUP(A26,Verification!$B$6:$K$578,10,FALSE))) | F26: =IF(ISERROR(VLOOKUP(A26,Verification!$B$6:$L$578,11,FALSE)),"",(VLOOKUP(A26,Verification!$B$6:$L$578,11,FALSE))) | H26: =IF(ISERROR(VLOOKUP(A26,Verification!$B$6:$M$578,12,FALSE)),"",(VLOOKUP(A26,Verification!$B$6:$M$578,12,FALSE))) | I26: =IF(ISERROR(VLOOKUP(A26,Verification!$B$6:$N$578,13,FALSE)),"",(VLOOKUP(A26,Verification!$B$6:$N$578,13,FALSE)))
A27: 3 | B27: =IF(ISERROR(VLOOKUP(A27,Verification!B8:D580,3,FALSE)),"",(VLOOKUP(A27,Verification!B8:D580,3,FALSE))) | D27: =IF(ISERROR(VLOOKUP(A27,Verification!$B$6:$K$578,10,FALSE)),"",(VLOOKUP(A27,Verification!$B$6:$K$578,10,FALSE))) | F27: =IF(ISERROR(VLOOKUP(A27,Verification!$B$6:$L$578,11,FALSE)),"",(VLOOKUP(A27,Verification!$B$6:$L$578,11,FALSE))) | H27: =IF(ISERROR(VLOOKUP(A27,Verification!$B$6:$M$578,12,FALSE)),"",(VLOOKUP(A27,Verification!$B$6:$M$578,12,FALSE))) | I27: =IF(ISERROR(VLOOKUP(A27,Verification!$B$6:$N$578,13,FALSE)),"",(VLOOKUP(A27,Verification!$B$6:$N$578,13,FALSE)))
A28: 4 | B28: =IF(ISERROR(VLOOKUP(A28,Verification!B9:D581,3,FALSE)),"",(VLOOKUP(A28,Verification!B9:D581,3,FALSE))) | D28: =IF(ISERROR(VLOOKUP(A28,Verification!$B$6:$K$578,10,FALSE)),"",(VLOOKUP(A28,Verification!$B$6:$K$578,10,FALSE))) | F28: =IF(ISERROR(VLOOKUP(A28,Verification!$B$6:$L$578,11,FALSE)),"",(VLOOKUP(A28,Verification!$B$6:$L$578,11,FALSE))) | H28: =IF(ISERROR(VLOOKUP(A28,Verification!$B$6:$M$578,12,FALSE)),"",(VLOOKUP(A28,Verification!$B$6:$M$578,12,FALSE))) | I28: =IF(ISERROR(VLOOKUP(A28,Verification!$B$6:$N$578,13,FALSE)),"",(VLOOKUP(A28,Verification!$B$6:$N$578,13,FALSE)))
A29: 5 | B29: =IF(ISERROR(VLOOKUP(A29,Verification!B10:D582,3,FALSE)),"",(VLOOKUP(A29,Verification!B10:D582,3,FALSE))) | D29: =IF(ISERROR(VLOOKUP(A29,Verification!$B$6:$K$578,10,FALSE)),"",(VLOOKUP(A29,Verification!$B$6:$K$578,10,FALSE))) | F29: =IF(ISERROR(VLOOKUP(A29,Verification!$B$6:$L$578,11,FALSE)),"",(VLOOKUP(A29,Verification!$B$6:$L$578,11,FALSE))) | H29: =IF(ISERROR(VLOOKUP(A29,Verification!$B$6:$M$578,12,FALSE)),"",(VLOOKUP(A29,Verification!$B$6:$M$578,12,FALSE))) | I29: =IF(ISERROR(VLOOKUP(A29,Verification!$B$6:$N$578,13,FALSE)),"",(VLOOKUP(A29,Verification!$B$6:$N$578,13,FALSE)))
A30: 6 | B30: =IF(ISERROR(VLOOKUP(A30,Verification!B11:D583,3,FALSE)),"",(VLOOKUP(A30,Verification!B11:D583,3,FALSE))) | D30: =IF(ISERROR(VLOOKUP(A30,Verification!$B$6:$K$578,10,FALSE)),"",(VLOOKUP(A30,Verification!$B$6:$K$578,10,FALSE))) | F30: =IF(ISERROR(VLOOKUP(A30,Verification!$B$6:$L$578,11,FALSE)),"",(VLOOKUP(A30,Verification!$B$6:$L$578,11,FALSE))) | H30: =IF(ISERROR(VLOOKUP(A30,Verification!$B$6:$M$578,12,FALSE)),"",(VLOOKUP(A30,Verification!$B$6:$M$578,12,FALSE))) | I30: =IF(ISERROR(VLOOKUP(A30,Verification!$B$6:$N$578,13,FALSE)),"",(VLOOKUP(A30,Verification!$B$6:$N$578,13,FALSE)))
A31: 7 | B31: =IF(ISERROR(VLOOKUP(A31,Verification!B12:D584,3,FALSE)),"",(VLOOKUP(A31,Verification!B12:D584,3,FALSE))) | D31: =IF(ISERROR(VLOOKUP(A31,Verification!$B$6:$K$578,10,FALSE)),"",(VLOOKUP(A31,Verification!$B$6:$K$578,10,FALSE))) | F31: =IF(ISERROR(VLOOKUP(A31,Verification!$B$6:$L$578,11,FALSE)),"",(VLOOKUP(A31,Verification!$B$6:$L$578,11,FALSE))) | H31: =IF(ISERROR(VLOOKUP(A31,Verification!$B$6:$M$578,12,FALSE)),"",(VLOOKUP(A31,Verification!$B$6:$M$578,12,FALSE))) | I31: =IF(ISERROR(VLOOKUP(A31,Verification!$B$6:$N$578,13,FALSE)),"",(VLOOKUP(A31,Verification!$B$6:$N$578,13,FALSE)))
A32: 8 | B32: =IF(ISERROR(VLOOKUP(A32,Verification!B14:D585,3,FALSE)),"",(VLOOKUP(A32,Verification!B14:D585,3,FALSE))) | D32: =IF(ISERROR(VLOOKUP(A32,Verification!$B$6:$K$578,10,FALSE)),"",(VLOOKUP(A32,Verification!$B$6:$K$578,10,FALSE))) | F32: =IF(ISERROR(VLOOKUP(A32,Verification!$B$6:$L$578,11,FALSE)),"",(VLOOKUP(A32,Verification!$B$6:$L$578,11,FALSE))) | H32: =IF(ISERROR(VLOOKUP(A32,Verification!$B$6:$M$578,12,FALSE)),"",(VLOOKUP(A32,Verification!$B$6:$M$578,12,FALSE))) | I32: =IF(ISERROR(VLOOKUP(A32,Verification!$B$6:$N$578,13,FALSE)),"",(VLOOKUP(A32,Verification!$B$6:$N$578,13,FALSE)))
A33: 9 | B33: =IF(ISERROR(VLOOKUP(A33,Verification!B15:D586,3,FALSE)),"",(VLOOKUP(A33,Verification!B15:D586,3,FALSE))) | D33: =IF(ISERROR(VLOOKUP(A33,Verification!$B$6:$K$578,10,FALSE)),"",(VLOOKUP(A33,Verification!$B$6:$K$578,10,FALSE))) | F33: =IF(ISERROR(VLOOKUP(A33,Verification!$B$6:$L$578,11,FALSE)),"",(VLOOKUP(A33,Verification!$B$6:$L$578,11,FALSE))) | H33: =IF(ISERROR(VLOOKUP(A33,Verification!$B$6:$M$578,12,FALSE)),"",(VLOOKUP(A33,Verification!$B$6:$M$578,12,FALSE))) | I33: =IF(ISERROR(VLOOKUP(A33,Verification!$B$6:$N$578,13,FALSE)),"",(VLOOKUP(A33,Verification!$B$6:$N$578,13,FALSE)))
A34: 10 | B34: =IF(ISERROR(VLOOKUP(A34,Verification!B16:D587,3,FALSE)),"",(VLOOKUP(A34,Verification!B16:D587,3,FALSE))) | D34: =IF(ISERROR(VLOOKUP(A34,Verification!$B$6:$K$578,10,FALSE)),"",(VLOOKUP(A34,Verification!$B$6:$K$578,10,FALSE))) | F34: =IF(ISERROR(VLOOKUP(A34,Verification!$B$6:$L$578,11,FALSE)),"",(VLOOKUP(A34,Verification!$B$6:$L$578,11,FALSE))) | H34: =IF(ISERROR(VLOOKUP(A34,Verification!$B$6:$M$578,12,FALSE)),"",(VLOOKUP(A34,Verification!$B$6:$M$578,12,FALSE))) | I34: =IF(ISERROR(VLOOKUP(A34,Verification!$B$6:$N$578,13,FALSE)),"",(VLOOKUP(A34,Verification!$B$6:$N$578,13,FALSE)))
A35: 11 | B35: =IF(ISERROR(VLOOKUP(A35,Verification!B17:D588,3,FALSE)),"",(VLOOKUP(A35,Verification!B17:D588,3,FALSE))) | D35: =IF(ISERROR(VLOOKUP(A35,Verification!$B$6:$K$578,10,FALSE)),"",(VLOOKUP(A35,Verification!$B$6:$K$578,10,FALSE))) | F35: =IF(ISERROR(VLOOKUP(A35,Verification!$B$6:$L$578,11,FALSE)),"",(VLOOKUP(A35,Verification!$B$6:$L$578,11,FALSE))) | H35: =IF(ISERROR(VLOOKUP(A35,Verification!$B$6:$M$578,12,FALSE)),"",(VLOOKUP(A35,Verification!$B$6:$M$578,12,FALSE))) | I35: =IF(ISERROR(VLOOKUP(A35,Verification!$B$6:$N$578,13,FALSE)),"",(VLOOKUP(A35,Verification!$B$6:$N$578,13,FALSE)))
A36: 12 | B36: =IF(ISERROR(VLOOKUP(A36,Verification!B18:D589,3,FALSE)),"",(VLOOKUP(A36,Verification!B18:D589,3,FALSE))) | D36: =IF(ISERROR(VLOOKUP(A36,Verification!$B$6:$K$578,10,FALSE)),"",(VLOOKUP(A36,Verification!$B$6:$K$578,10,FALSE))) | F36: =IF(ISERROR(VLOOKUP(A36,Verification!$B$6:$L$578,11,FALSE)),"",(VLOOKUP(A36,Verification!$B$6:$L$578,11,FALSE))) | H36: =IF(ISERROR(VLOOKUP(A36,Verification!$B$6:$M$578,12,FALSE)),"",(VLOOKUP(A36,Verification!$B$6:$M$578,12,FALSE))) | I36: =IF(ISERROR(VLOOKUP(A36,Verification!$B$6:$N$578,13,FALSE)),"",(VLOOKUP(A36,Verification!$B$6:$N$578,13,FALSE)))
A37: 13 | B37: =IF(ISERROR(VLOOKUP(A37,Verification!B19:D590,3,FALSE)),"",(VLOOKUP(A37,Verification!B19:D590,3,FALSE))) | D37: =IF(ISERROR(VLOOKUP(A37,Verification!$B$6:$K$578,10,FALSE)),"",(VLOOKUP(A37,Verification!$B$6:$K$578,10,FALSE))) | F37: =IF(ISERROR(VLOOKUP(A37,Verification!$B$6:$L$578,11,FALSE)),"",(VLOOKUP(A37,Verification!$B$6:$L$578,11,FALSE))) | H37: =IF(ISERROR(VLOOKUP(A37,Verification!$B$6:$M$578,12,FALSE)),"",(VLOOKUP(A37,Verification!$B$6:$M$578,12,FALSE))) | I37: =IF(ISERROR(VLOOKUP(A37,Verification!$B$6:$N$578,13,FALSE)),"",(VLOOKUP(A37,Verification!$B$6:$N$578,13,FALSE)))
A38: 14 | B38: =IF(ISERROR(VLOOKUP(A38,Verification!B20:D591,3,FALSE)),"",(VLOOKUP(A38,Verification!B20:D591,3,FALSE))) | D38: =IF(ISERROR(VLOOKUP(A38,Verification!$B$6:$K$578,10,FALSE)),"",(VLOOKUP(A38,Verification!$B$6:$K$578,10,FALSE))) | F38: =IF(ISERROR(VLOOKUP(A38,Verification!$B$6:$L$578,11,FALSE)),"",(VLOOKUP(A38,Verification!$B$6:$L$578,11,FALSE))) | H38: =IF(ISERROR(VLOOKUP(A38,Verification!$B$6:$M$578,12,FALSE)),"",(VLOOKUP(A38,Verification!$B$6:$M$578,12,FALSE))) | I38: =IF(ISERROR(VLOOKUP(A38,Verification!$B$6:$N$578,13,FALSE)),"",(VLOOKUP(A38,Verification!$B$6:$N$578,13,FALSE)))
A39: 15 | B39: =IF(ISERROR(VLOOKUP(A39,Verification!B21:D592,3,FALSE)),"",(VLOOKUP(A39,Verification!B21:D592,3,FALSE))) | D39: =IF(ISERROR(VLOOKUP(A39,Verification!$B$6:$K$578,10,FALSE)),"",(VLOOKUP(A39,Verification!$B$6:$K$578,10,FALSE))) | F39: =IF(ISERROR(VLOOKUP(A39,Verification!$B$6:$L$578,11,FALSE)),"",(VLOOKUP(A39,Verification!$B$6:$L$578,11,FALSE))) | H39: =IF(ISERROR(VLOOKUP(A39,Verification!$B$6:$M$578,12,FALSE)),"",(VLOOKUP(A39,Verification!$B$6:$M$578,12,FALSE))) | I39: =IF(ISERROR(VLOOKUP(A39,Verification!$B$6:$N$578,13,FALSE)),"",(VLOOKUP(A39,Verification!$B$6:$N$578,13,FALSE)))
A40: 16 | B40: =IF(ISERROR(VLOOKUP(A40,Verification!B22:D593,3,FALSE)),"",(VLOOKUP(A40,Verification!B22:D593,3,FALSE))) | D40: =IF(ISERROR(VLOOKUP(A40,Verification!$B$6:$K$578,10,FALSE)),"",(VLOOKUP(A40,Verification!$B$6:$K$578,10,FALSE))) | F40: =IF(ISERROR(VLOOKUP(A40,Verification!$B$6:$L$578,11,FALSE)),"",(VLOOKUP(A40,Verification!$B$6:$L$578,11,FALSE))) | H40: =IF(ISERROR(VLOOKUP(A40,Verification!$B$6:$M$578,12,FALSE)),"",(VLOOKUP(A40,Verification!$B$6:$M$578,12,FALSE))) | I40: =IF(ISERROR(VLOOKUP(A40,Verification!$B$6:$N$578,13,FALSE)),"",(VLOOKUP(A40,Verification!$B$6:$N$578,13,FALSE)))
A41: 17 | B41: =IF(ISERROR(VLOOKUP(A41,Verification!B23:D594,3,FALSE)),"",(VLOOKUP(A41,Verification!B23:D594,3,FALSE))) | D41: =IF(ISERROR(VLOOKUP(A41,Verification!$B$6:$K$578,10,FALSE)),"",(VLOOKUP(A41,Verification!$B$6:$K$578,10,FALSE))) | F41: =IF(ISERROR(VLOOKUP(A41,Verification!$B$6:$L$578,11,FALSE)),"",(VLOOKUP(A41,Verification!$B$6:$L$578,11,FALSE))) | H41: =IF(ISERROR(VLOOKUP(A41,Verification!$B$6:$M$578,12,FALSE)),"",(VLOOKUP(A41,Verification!$B$6:$M$578,12,FALSE))) | I41: =IF(ISERROR(VLOOKUP(A41,Verification!$B$6:$N$578,13,FALSE)),"",(VLOOKUP(A41,Verification!$B$6:$N$578,13,FALSE)))
A42: 18 | B42: =IF(ISERROR(VLOOKUP(A42,Verification!B24:D595,3,FALSE)),"",(VLOOKUP(A42,Verification!B24:D595,3,FALSE))) | D42: =IF(ISERROR(VLOOKUP(A42,Verification!$B$6:$K$578,10,FALSE)),"",(VLOOKUP(A42,Verification!$B$6:$K$578,10,FALSE))) | F42: =IF(ISERROR(VLOOKUP(A42,Verification!$B$6:$L$578,11,FALSE)),"",(VLOOKUP(A42,Verification!$B$6:$L$578,11,FALSE))) | H42: =IF(ISERROR(VLOOKUP(A42,Verification!$B$6:$M$578,12,FALSE)),"",(VLOOKUP(A42,Verification!$B$6:$M$578,12,FALSE))) | I42: =IF(ISERROR(VLOOKUP(A42,Verification!$B$6:$N$578,13,FALSE)),"",(VLOOKUP(A42,Verification!$B$6:$N$578,13,FALSE)))
A43: 19 | B43: =IF(ISERROR(VLOOKUP(A43,Verification!B25:D596,3,FALSE)),"",(VLOOKUP(A43,Verification!B25:D596,3,FALSE))) | D43: =IF(ISERROR(VLOOKUP(A43,Verification!$B$6:$K$578,10,FALSE)),"",(VLOOKUP(A43,Verification!$B$6:$K$578,10,FALSE))) | F43: =IF(ISERROR(VLOOKUP(A43,Verification!$B$6:$L$578,11,FALSE)),"",(VLOOKUP(A43,Verification!$B$6:$L$578,11,FALSE))) | H43: =IF(ISERROR(VLOOKUP(A43,Verification!$B$6:$M$578,12,FALSE)),"",(VLOOKUP(A43,Verification!$B$6:$M$578,12,FALSE))) | I43: =IF(ISERROR(VLOOKUP(A43,Verification!$B$6:$N$578,13,FALSE)),"",(VLOOKUP(A43,Verification!$B$6:$N$578,13,FALSE)))
... A47: 23 | B47: =IF(ISERROR(VLOOKUP(A47,Verification!B29:D600,3,FALSE)),"",(VLOOKUP(A47,Verification!B29:D600,3,FALSE))) | D47: =IF(ISERROR(VLOOKUP(A47,Verification!$B$6:$K$578,10,FALSE)),"",(VLOOKUP(A47,Verification!$B$6:$K$578,10,FALSE))) | F47: =IF(ISERROR(VLOOKUP(A47,Verification!$B$6:$L$578,11,FALSE)),"",(VLOOKUP(A47,Verification!$B$6:$L$578,11,FALSE))) | H47: =IF(ISERROR(VLOOKUP(A47,Verification!$B$6:$M$578,12,FALSE)),"",(VLOOKUP(A47,Verification!$B$6:$M$578,12,FALSE))) | I47: =IF(ISERROR(VLOOKUP(A47,Verification!$B$6:$N$578,13,FALSE)),"",(VLOOKUP(A47,Verification!$B$6:$N$578,13,FALSE)))
A48: 24 | B48: =IF(ISERROR(VLOOKUP(A48,Verification!B30:D601,3,FALSE)),"",(VLOOKUP(A48,Verification!B30:D601,3,FALSE))) | D48: =IF(ISERROR(VLOOKUP(A48,Verification!$B$6:$K$578,10,FALSE)),"",(VLOOKUP(A48,Verification!$B$6:$K$578,10,FALSE))) | F48: =IF(ISERROR(VLOOKUP(A48,Verification!$B$6:$L$578,11,FALSE)),"",(VLOOKUP(A48,Verification!$B$6:$L$578,11,FALSE))) | H48: =IF(ISERROR(VLOOKUP(A48,Verification!B30:M601,10,FALSE)),"",(VLOOKUP(A48,Verification!B30:M601,10,FALSE))) | I48: =IF(ISERROR(VLOOKUP(A48,Verification!$B$6:$N$578,13,FALSE)),"",(VLOOKUP(A48,Verification!$B$6:$N$578,13,FALSE)))
A49: 25 | B49: =IF(ISERROR(VLOOKUP(A49,Verification!B31:D602,3,FALSE)),"",(VLOOKUP(A49,Verification!B31:D602,3,FALSE))) | D49: =IF(ISERROR(VLOOKUP(A49,Verification!$B$6:$K$578,10,FALSE)),"",(VLOOKUP(A49,Verification!$B$6:$K$578,10,FALSE))) | F49: =IF(ISERROR(VLOOKUP(A49,Verification!$B$6:$L$578,11,FALSE)),"",(VLOOKUP(A49,Verification!$B$6:$L$578,11,FALSE))) | H49: =IF(ISERROR(VLOOKUP(A49,Verification!B31:M602,10,FALSE)),"",(VLOOKUP(A49,Verification!B31:M602,10,FALSE))) | I49: =IF(ISERROR(VLOOKUP(A49,Verification!$B$6:$N$578,13,FALSE)),"",(VLOOKUP(A49,Verification!$B$6:$N$578,13,FALSE)))

Sheet Verification
E1: CLIENTE:
E2: NOME DO DOCUMENTO: | R2: =RESUMO!D6
E3: REVISÃO: | R3: Compliance
C4: Page | E4: CONTENTS | G4: LINKS | H4: ISO 9001:2015 | I4: IATF 16949:2016 | J4: Comments WPTGU | K4: Action plan | L4: RESPONSIBLE | M4: DEALINE | N4: ACTION STATUS | O4: Reflected LEONI IMS | P4: Reflected OffRoad | Q4: Reflected WPTGU | R4: STATUS

Sheet Dop List
D2: Conformidade
B3: Novo | D3: Complies | E3: Cumprimos na totalidade
B4: Alterado | D4: Agreed | E4: Quando solicitado pelo cliente
B5: S/ alteração | D5: Do not comply
B6: Revisto | D6: Not assessed
D7: Action required
D8: Acknowledged
D9: Not applicable
D12: ACTION STATUS
D13: TO BE DETERMINED
D14: IN PROGRESS
D15: CLOSED
D16: OVERDUE
D23: Processos
C24: R | D24: Processo Líder
C25: C | D25: participa no processo
C26: I | D26: Informativo
